FF_assortativity,AT_assortativity,RT_assortativity
0.2294119335,0.493617512474,0.393011721407
